Workbook

Sheet Definitions
B2: Vlookup
B3: 1) VLOOKUP searches for a value in the first column of a table and returns a value from a specified column to the right.
B4: 2) Only searches left → right directly.
B5: 3) Cant Handle Errors
B6: 4) The Lookup value must be present in the first column of the data range
B7: 5) The function breaks if new column is inserted/deleted
B8: 6) Cant Handle Duplicates
B9: Syntax - VLOOKUP(lookup_value, table_array, col_index_num, False/True)
B11: Index-Match
B12: MATCH → Finds position
B13: INDEX → Returns value at that position
B14: 1) Match - MATCH function searches for a lookup value in a range of cells and returns the relative position of that value in the range.
... B41: Syntax - HLOOKUP(lookup_value, table_array, row_index_num, [range_lookup])

Sheet Ex1
A1: Roll_No | B1: Name | C1: Age | D1: Score | E1: Location | H1: Static Vlookup
A2: 121 | B2: Animesh | C2: 22 | D2: 55 | E2: Delhi | H2: Roll_No | I2: Name | J2: Age | K2: Score | L2: Location | P2: VLOOKUP(lookup_value, table_array, col_index_num, False/True)
A3: 122 | B3: Ankit | C3: 23 | D3: 63 | E3: Mumbai | H3: 125 | I3: =vlookup(H3,A2:E14,2,0) -> Pulkit | J3: =vlookup(H3, A2:E14, 3,0) -> 25 | K3: =vlookup(H3,A2:E14,4,0) -> 74 | L3: =vlookup(H3,A2:E14,5,0) -> Bangalore | P3: =FORMULATEXT(I3) -> =vlookup(H3,A2:E14,2,0)
A4: 123 | B4: Priya | C4: 24 | D4: 71 | E4: Noida | F4: A2:E14 | H4: 129
A5: 124 | B5: Anjali | C5: 21 | D5: 68 | E5: Mumbai
A6: 125 | B6: Pulkit | C6: 25 | D6: 74 | E6: Bangalore | H6: Name | I6: Score | J6: Roll_No
A7: 126 | B7: Nitesh | C7: 24 | D7: 81 | E7: Delhi | H7: Ankit | I7: =vlookup(H7,B2:E14,3,0) -> 63 | J7: Vlookup cant be applied directly
A8: 127 | B8: Ankush | C8: 23 | D8: 67 | E8: Mumbai | H8: Ujjwal
A9: 128 | B9: Dhruv | C9: 24 | D9: 80 | E9: Bangalore
A10: 129 | B10: Rahul | C10: 25 | D10: 74 | E10: Noida | H10: Match() | I10: returns Index Number of the searched value in the Table array | P10: Match(Lookup_value,Lookup_Range,Match_Type)
A11: 130 | B11: Vinay | C11: 27 | D11: 47 | E11: Mumbai | I11: Age | J11: Score | K11: Name | P11: Index(array, row_num, col_num)
A12: 131 | B12: Ujjwal | C12: 28 | D12: 91 | E12: Noida | I12: =Match(I11,A1:E1,0) -> 3 | J12: =Match(J11,A1:E1,0) -> 4 | K12: =match(K11,A1:E1,0) -> 2
A13: 132 | B13: Ankita | C13: 26 | D13: 81 | E13: Bangalore | O13: =FORMULATEXT(I12) -> =Match(I11,A1:E1,0)
A14: 133 | B14: Twarita | C14: 23 | D14: 87 | E14: Delhi
H15: Dynamic Vlookup | J15: Vlookup with Match
H16: Roll_No | I16: Score | J16: Age | K16: Name | L16: Location
B17: Index | C17: Row_Num | D17: Col_Num | H17: 125 | I17: =Iferror(vlookup($H17,$A$2:$E$14,Match(I$16,$A$1:$E$1,0),0),"None") -> 74 | J17: =Iferror(vlookup($H17,$A$2:$E$14,Match(J$16,$A$1:$E$1,0),0),"None") -> 25 | K17: =Iferror(vlookup($H17,$A$2:$E$14,Match(K$16,$A$1:$E$1,0),0),"None") -> Pulkit | L17: =Iferror(vlookup($H17,$A$2:$E$14,Match(L$16,$A$1:$E$1,0),0),"None") -> Bangalore | O17: =FORMULATEXT(I17) -> =Iferror(vlookup($H17,$A$2:$E$14,Match(I$16,$A$1:$E$1,0),0),"None")
C18: 4 | D18: 5 | H18: 131 | I18: =Iferror(vlookup($H18,$A$2:$E$14,Match(I$16,$A$1:$E$1,0),0),"None") -> 91 | J18: =Iferror(vlookup($H18,$A$2:$E$14,Match(J$16,$A$1:$E$1,0),0),"None") -> 28 | K18: =Iferror(vlookup($H18,$A$2:$E$14,Match(K$16,$A$1:$E$1,0),0),"None") -> Ujjwal | L18: =Iferror(vlookup($H18,$A$2:$E$14,Match(L$16,$A$1:$E$1,0),0),"None") -> Noida
C19: {=Index(A2:E14, 4, 5)} -> Mumbai | E19: =FORMULATEXT(C19) -> =Index(A2:E14, 4, 5) | H19: 128 | I19: =Iferror(vlookup($H19,$A$2:$E$14,Match(I$16,$A$1:$E$1,0),0),"None") -> 80 | J19: =Iferror(vlookup($H19,$A$2:$E$14,Match(J$16,$A$1:$E$1,0),0),"None") -> 24 | K19: =Iferror(vlookup($H19,$A$2:$E$14,Match(K$16,$A$1:$E$1,0),0),"None") -> Dhruv | L19: =Iferror(vlookup($H19,$A$2:$E$14,Match(L$16,$A$1:$E$1,0),0),"None") -> Bangalore
H20: 145 | I20: =Iferror(vlookup($H20,$A$2:$E$14,Match(I$16,$A$1:$E$1,0),0),"None") -> None | J20: =Iferror(vlookup($H20,$A$2:$E$14,Match(J$16,$A$1:$E$1,0),0),"None") -> None | K20: =Iferror(vlookup($H20,$A$2:$E$14,Match(K$16,$A$1:$E$1,0),0),"None") -> None | L20: =Iferror(vlookup($H20,$A$2:$E$14,Match(L$16,$A$1:$E$1,0),0),"None") -> None
B22: Roll_No | C22: Name | D22: Score
B23: 130 | C23: =index($A$2:$E$14,Match($B23,$A$2:$A$14,0),Match(C$22,$A$1:$E$1,0)) -> Vinay | D23: =index($A$2:$E$14,Match($B23,$A$2:$A$14,0),Match(D$22,$A$1:$E$1,0)) -> 47 | H23: Index-Match | P23: Index with Match Example
B24: 127 | C24: =index($A$2:$E$14,Match($B24,$A$2:$A$14,0),Match(C$22,$A$1:$E$1,0)) -> Ankush | D24: =index($A$2:$E$14,Match($B24,$A$2:$A$14,0),Match(D$22,$A$1:$E$1,0)) -> 67 | H24: Name | I24: Age | J24: Roll_No | K24: Location | L24: Score | P24: INDEX(B2:D11, MATCH(G1,A2:A11,0), MATCH(G2,B1:D1,0))
H25: Ankita | I25: =index($A$2:$E$14,Match($H25,$B$2:$B$14,0), Match(I$24, $A$1:$E$1,0)) -> 26 | J25: =index($A$2:$E$14,Match($H25,$B$2:$B$14,0), Match(J$24, $A$1:$E$1,0)) -> 132 | K25: =index($A$2:$E$14,Match($H25,$B$2:$B$14,0), Match(K$24, $A$1:$E$1,0)) -> Bangalore | L25: =index($A$2:$E$14,Match($H25,$B$2:$B$14,0), Match(L$24, $A$1:$E$1,0)) -> 81
H26: Vinay | I26: =index($A$2:$E$14,Match($H26,$B$2:$B$14,0), Match(I$24, $A$1:$E$1,0)) -> 27 | J26: =index($A$2:$E$14,Match($H26,$B$2:$B$14,0), Match(J$24, $A$1:$E$1,0)) -> 130 | K26: =index($A$2:$E$14,Match($H26,$B$2:$B$14,0), Match(K$24, $A$1:$E$1,0)) -> Mumbai | L26: =index($A$2:$E$14,Match($H26,$B$2:$B$14,0), Match(L$24, $A$1:$E$1,0)) -> 47 | P26: =FORMULATEXT(I25) -> =index($A$2:$E$14,Match($H25,$B$2:$B$14,0), Match(I$24, $A$1:$E$1,0))
H27: Animesh | I27: =index($A$2:$E$14,Match($H27,$B$2:$B$14,0), Match(I$24, $A$1:$E$1,0)) -> 22 | J27: =index($A$2:$E$14,Match($H27,$B$2:$B$14,0), Match(J$24, $A$1:$E$1,0)) -> 121 | K27: =index($A$2:$E$14,Match($H27,$B$2:$B$14,0), Match(K$24, $A$1:$E$1,0)) -> Delhi | L27: =index($A$2:$E$14,Match($H27,$B$2:$B$14,0), Match(L$24, $A$1:$E$1,0)) -> 55
A28: =FORMULATEXT(C23) -> =index($A$2:$E$14,Match($B23,$A$2:$A$14,0),Match(C$22,$A$1:$E$1,0))
H31: Xlookup | P31: XLOOKUP(lookup_value, lookup_array, return_array, [if_not_found], [match_mode], [search_mode])
H32: Roll_No | I32: Location | J32: Name | K32: Score | L32: Age
H33: 126 | I33: {=xlookup($H33,$A$2:$A$14,$E$2:$E$14,"none")} -> Delhi | J33: =xlookup($H33,$A$2:$A$14, $B$2:$B$14,"None") -> Nitesh | K33: =xlookup(H33,$A$2:$A$14, $D$2:$D$14,"None") -> 81 | L33: =xlookup($H33, $A$2:$A$14, $C$2:$C$14,"None") -> 24
H34: 123 | I34: =xlookup($H34,$A$2:$A$14,$E$2:$E$14,"None") -> Noida | J34: =xlookup($H34,$A$2:$A$14, $B$2:$B$14,"None") -> Priya | K34: =xlookup(H34,$A$2:$A$14, $D$2:$D$14,"None") -> 71 | L34: =xlookup($H34, $A$2:$A$14, $C$2:$C$14,"None") -> 24
H35: 128 | I35: =xlookup($H35,$A$2:$A$14,$E$2:$E$14,"None") -> Bangalore | J35: =xlookup($H35,$A$2:$A$14, $B$2:$B$14,"None") -> Dhruv | K35: =xlookup(H35,$A$2:$A$14, $D$2:$D$14,"None") -> 80 | L35: =xlookup($H35, $A$2:$A$14, $C$2:$C$14,"None") -> 24
H36: 185 | I36: =xlookup($H36,$A$2:$A$14,$E$2:$E$14,"None") -> None | J36: =xlookup($H36,$A$2:$A$14, $B$2:$B$14,"None") -> None | K36: =xlookup(H36,$A$2:$A$14, $D$2:$D$14,"None") -> None | L36: =xlookup($H36, $A$2:$A$14, $C$2:$C$14,"None") -> None
I39: =FORMULATEXT(I33) -> =xlookup($H33,$A$2:$A$14,$E$2:$E$14,"none")

Sheet Ex2
A1: Order_ID | B1: Cust_ID | C1: Product | D1: City | E1: Quantity | F1: Price | G1: Payment Mode | H1: Ship Mode
A2: ORD_0711 | B2: CT0192 | C2: EarPods | D2: Noida | E2: 3 | F2: 1300 | G2: UPI | H2: Online | K2: Solve using Vlookup
A3: ORD_0712 | B3: CT0193 | C3: Shoes | D3: Delhi | E3: 2 | F3: 2500 | G3: Cash | H3: Offline | J3: A2:H21 | K3: Order_ID | L3: Product | M3: Payment Mode | N3: City | O3: Quantity | P3: Cust_ID
A4: ORD_0713 | B4: CT0194 | C4: Wall Decor | D4: Mumbai | E4: 1 | F4: 850 | G4: Debit Card | H4: Online | K4: ORD_0719 | L4: =vlookup($K4,$A$2:$H$21,Match(L$3,$A$1:$H$1,0),0) -> Laptop bag | M4: =vlookup($K4,$A$2:$H$21,Match(M$3,$A$1:$H$1,0),0) -> UPI | N4: =vlookup($K4,$A$2:$H$21,Match(N$3,$A$1:$H$1,0),0) -> Mumbai | O4: =vlookup($K4,$A$2:$H$21,Match(O$3,$A$1:$H$1,0),0) -> 3 | P4: =vlookup($K4,$A$2:$H$21,Match(P$3,$A$1:$H$1,0),0) -> CT0200
A5: ORD_0714 | B5: CT0195 | C5: Laptop bag | D5: Pune | E5: 3 | F5: 1350 | G5: Credit Card | H5: Online | K5: ORD_0725 | L5: =vlookup($K5,$A$2:$H$21,Match(L$3,$A$1:$H$1,0),0) -> Stationary Kit | M5: =vlookup($K5,$A$2:$H$21,Match(M$3,$A$1:$H$1,0),0) -> UPI | N5: =vlookup($K5,$A$2:$H$21,Match(N$3,$A$1:$H$1,0),0) -> Delhi | O5: =vlookup($K5,$A$2:$H$21,Match(O$3,$A$1:$H$1,0),0) -> 4 | P5: =vlookup($K5,$A$2:$H$21,Match(P$3,$A$1:$H$1,0),0) -> CT0206
A6: ORD_0715 | B6: CT0196 | C6: Shoes | D6: Kolkata | E6: 2 | F6: 3500 | G6: Cash | H6: Offline | K6: ORD_0712 | L6: =vlookup($K6,$A$2:$H$21,Match(L$3,$A$1:$H$1,0),0) -> Shoes | M6: =vlookup($K6,$A$2:$H$21,Match(M$3,$A$1:$H$1,0),0) -> Cash | N6: =vlookup($K6,$A$2:$H$21,Match(N$3,$A$1:$H$1,0),0) -> Delhi | O6: =vlookup($K6,$A$2:$H$21,Match(O$3,$A$1:$H$1,0),0) -> 2 | P6: =vlookup($K6,$A$2:$H$21,Match(P$3,$A$1:$H$1,0),0) -> CT0193
A7: ORD_0716 | B7: CT0197 | C7: Wall Decor | D7: Kolkata | E7: 4 | F7: 650 | G7: Credit Card | H7: Offline | K7: ORD_0729 | L7: =vlookup($K7,$A$2:$H$21,Match(L$3,$A$1:$H$1,0),0) -> Shoes | M7: =vlookup($K7,$A$2:$H$21,Match(M$3,$A$1:$H$1,0),0) -> Credit Card | N7: =vlookup($K7,$A$2:$H$21,Match(N$3,$A$1:$H$1,0),0) -> Chennai | O7: =vlookup($K7,$A$2:$H$21,Match(O$3,$A$1:$H$1,0),0) -> 3 | P7: =vlookup($K7,$A$2:$H$21,Match(P$3,$A$1:$H$1,0),0) -> CT0210
A8: ORD_0717 | B8: CT0198 | C8: EarPods | D8: Pune | E8: 1 | F8: 1500 | G8: Cash | H8: Offline
A9: ORD_0718 | B9: CT0199 | C9: Shoes | D9: Delhi | E9: 5 | F9: 2500 | G9: Credit Card | H9: Online | L9: =FORMULATEXT(L4) -> =vlookup($K4,$A$2:$H$21,Match(L$3,$A$1:$H$1,0),0)
A10: ORD_0719 | B10: CT0200 | C10: Laptop bag | D10: Mumbai | E10: 3 | F10: 1500 | G10: UPI | H10: Online
A11: ORD_0720 | B11: CT0201 | C11: Sandals | D11: Noida | E11: 2 | F11: 700 | G11: Cash | H11: Offline | K11: Solve using Index-Match
A12: ORD_0721 | B12: CT0202 | C12: Laptop bag | D12: Delhi | E12: 1 | F12: 950 | G12: Credit Card | H12: Online | K12: Order_ID | L12: City | M12: Product | N12: Cust_Id | O12: Price
A13: ORD_0722 | B13: CT0203 | C13: Laptop bag | D13: Mumbai | E13: 2 | F13: 1800 | G13: UPI | H13: Offline | K13: ORD_0718 | L13: =Iferror(Index($A$2:$H$21,Match($K13,$A$2:$A$21,0),Match(L$12,$A$1:$H$1,0)),"None") -> Delhi | M13: =Iferror(Index($A$2:$H$21,Match($K13,$A$2:$A$21,0),Match(M$12,$A$1:$H$1,0)),"None") -> Shoes | N13: =Iferror(Index($A$2:$H$21,Match($K13,$A$2:$A$21,0),Match(N$12,$A$1:$H$1,0)),"None") -> CT0199 | O13: =Iferror(Index($A$2:$H$21,Match($K13,$A$2:$A$21,0),Match(O$12,$A$1:$H$1,0)),"None") -> 2500
A14: ORD_0723 | B14: CT0204 | C14: Sandals | D14: Noida | E14: 2 | F14: 2300 | G14: UPI | H14: Offline | K14: ORD_0724 | L14: =Iferror(Index($A$2:$H$21,Match($K14,$A$2:$A$21,0),Match(L$12,$A$1:$H$1,0)),"None") -> Mumbai | M14: =Iferror(Index($A$2:$H$21,Match($K14,$A$2:$A$21,0),Match(M$12,$A$1:$H$1,0)),"None") -> Shoes | N14: =Iferror(Index($A$2:$H$21,Match($K14,$A$2:$A$21,0),Match(N$12,$A$1:$H$1,0)),"None") -> CT0205 | O14: =Iferror(Index($A$2:$H$21,Match($K14,$A$2:$A$21,0),Match(O$12,$A$1:$H$1,0)),"None") -> 2800
A15: ORD_0724 | B15: CT0205 | C15: Shoes | D15: Mumbai | E15: 5 | F15: 2800 | G15: Debit Card | H15: Online | K15: ORD_0787 | L15: =Iferror(Index($A$2:$H$21,Match($K15,$A$2:$A$21,0),Match(L$12,$A$1:$H$1,0)),"None") -> None | M15: =Iferror(Index($A$2:$H$21,Match($K15,$A$2:$A$21,0),Match(M$12,$A$1:$H$1,0)),"None") -> None | N15: =Iferror(Index($A$2:$H$21,Match($K15,$A$2:$A$21,0),Match(N$12,$A$1:$H$1,0)),"None") -> None | O15: =Iferror(Index($A$2:$H$21,Match($K15,$A$2:$A$21,0),Match(O$12,$A$1:$H$1,0)),"None") -> None
A16: ORD_0725 | B16: CT0206 | C16: Stationary Kit | D16: Delhi | E16: 4 | F16: 450 | G16: UPI | H16: Offline | K16: ORD_0729 | L16: =Iferror(Index($A$2:$H$21,Match($K16,$A$2:$A$21,0),Match(L$12,$A$1:$H$1,0)),"None") -> Chennai | M16: =Iferror(Index($A$2:$H$21,Match($K16,$A$2:$A$21,0),Match(M$12,$A$1:$H$1,0)),"None") -> Shoes | N16: =Iferror(Index($A$2:$H$21,Match($K16,$A$2:$A$21,0),Match(N$12,$A$1:$H$1,0)),"None") -> CT0210 | O16: =Iferror(Index($A$2:$H$21,Match($K16,$A$2:$A$21,0),Match(O$12,$A$1:$H$1,0)),"None") -> 2700
A17: ORD_0726 | B17: CT0207 | C17: Wall Decor | D17: Pune | E17: 1 | F17: 300 | G17: Cash | H17: Online
A18: ORD_0727 | B18: CT0208 | C18: Stationary Kit | D18: Chennai | E18: 1 | F18: 750 | G18: Debit Card | H18: Offline | K18: =FORMULATEXT(L13) -> =Iferror(Index($A$2:$H$21,Match($K13,$A$2:$A$21,0),Match(L$12,$A$1:$H$1,0)),"None")
A19: ORD_0728 | B19: CT0209 | C19: Sandals | D19: Noida | E19: 2 | F19: 1100 | G19: Debit Card | H19: Online
A20: ORD_0729 | B20: CT0210 | C20: Shoes | D20: Chennai | E20: 3 | F20: 2700 | G20: Credit Card | H20: Online | K20: Solve using Xlookup
A21: ORD_0730 | B21: CT0211 | C21: EarPods | D21: Pune | E21: 2 | F21: 1300 | G21: UPI | H21: Online | K21: Cust_ID | L21: City | M21: Price | N21: Payment Mode | O21: Order_ID
K22: CT0200 | L22: =xlookup($K22,$B$2:$B$21,$D$2:$D$21,"None") -> Mumbai | M22: =xlookup($K22,$B$2:$B$21,$F$2:$F$21,"None") -> 1500 | N22: =xlookup($K22,$B$2:$B$21,$G$2:$G$21,"None") -> UPI | O22: =xlookup($K22,$B$2:$B$21,$A$2:$A$21,"None") -> ORD_0719
K23: CT0209 | L23: =xlookup($K23,$B$2:$B$21,$D$2:$D$21,"None") -> Noida | M23: =xlookup($K23,$B$2:$B$21,$F$2:$F$21,"None") -> 1100 | N23: =xlookup($K23,$B$2:$B$21,$G$2:$G$21,"None") -> Debit Card | O23: =xlookup($K23,$B$2:$B$21,$A$2:$A$21,"None") -> ORD_0728
K24: CT0306 | L24: =xlookup($K24,$B$2:$B$21,$D$2:$D$21,"None") -> None | M24: =xlookup($K24,$B$2:$B$21,$F$2:$F$21,"None") -> None | N24: =xlookup($K24,$B$2:$B$21,$G$2:$G$21,"None") -> None | O24: =xlookup($K24,$B$2:$B$21,$A$2:$A$21,"None") -> None
K26: =FORMULATEXT(L22) -> =xlookup($K22,$B$2:$B$21,$D$2:$D$21,"None")
K31: Order_ID | L31: Product | M31: Ship Mode | N31: City | O31: Price
K32: ORD_0717 | L32: =Iferror(Index($A$2:$H$21, Match($K32,$A$2:$A$21,0),Match(L$31,$A$1:$H$1,0)),"None") -> EarPods | M32: =Iferror(Index($A$2:$H$21, Match($K32,$A$2:$A$21,0),Match(M$31,$A$1:$H$1,0)),"None") -> Offline | N32: =Iferror(Index($A$2:$H$21, Match($K32,$A$2:$A$21,0),Match(N$31,$A$1:$H$1,0)),"None") -> Pune | O32: =Iferror(Index($A$2:$H$21, Match($K32,$A$2:$A$21,0),Match(O$31,$A$1:$H$1,0)),"None") -> 1500
K33: ORD_0729 | L33: =Iferror(Index($A$2:$H$21, Match($K33,$A$2:$A$21,0),Match(L$31,$A$1:$H$1,0)),"None") -> Shoes | M33: =Iferror(Index($A$2:$H$21, Match($K33,$A$2:$A$21,0),Match(M$31,$A$1:$H$1,0)),"None") -> Online | N33: =Iferror(Index($A$2:$H$21, Match($K33,$A$2:$A$21,0),Match(N$31,$A$1:$H$1,0)),"None") -> Chennai | O33: =Iferror(Index($A$2:$H$21, Match($K33,$A$2:$A$21,0),Match(O$31,$A$1:$H$1,0)),"None") -> 2700
K34: ORD_0792 | L34: =Iferror(Index($A$2:$H$21, Match($K34,$A$2:$A$21,0),Match(L$31,$A$1:$H$1,0)),"None") -> None | M34: =Iferror(Index($A$2:$H$21, Match($K34,$A$2:$A$21,0),Match(M$31,$A$1:$H$1,0)),"None") -> None | N34: =Iferror(Index($A$2:$H$21, Match($K34,$A$2:$A$21,0),Match(N$31,$A$1:$H$1,0)),"None") -> None | O34: =Iferror(Index($A$2:$H$21, Match($K34,$A$2:$A$21,0),Match(O$31,$A$1:$H$1,0)),"None") -> None
K35: ORD_0712 | L35: =Iferror(Index($A$2:$H$21, Match($K35,$A$2:$A$21,0),Match(L$31,$A$1:$H$1,0)),"None") -> Shoes | M35: =Iferror(Index($A$2:$H$21, Match($K35,$A$2:$A$21,0),Match(M$31,$A$1:$H$1,0)),"None") -> Offline | N35: =Iferror(Index($A$2:$H$21, Match($K35,$A$2:$A$21,0),Match(N$31,$A$1:$H$1,0)),"None") -> Delhi | O35: =Iferror(Index($A$2:$H$21, Match($K35,$A$2:$A$21,0),Match(O$31,$A$1:$H$1,0)),"None") -> 2500

Sheet ML_Ex1
B1: Multisheet Vlookup | E1: A2:E14 | F1: Ex1 | J1: Multisheet Xlookup | L1: A2:H21 | M1: Ex2
B2: Roll_No | C2: Name | D2: Age | E2: Score | F2: Location | J2: Order_ID | K2: Product | L2: City | M2: Price | N2: Payment Mode
B3: 121 | C3: =Iferror(vlookup($B3,'Ex1'!$A$2:$E$14,Match(C$2,'Ex1'!$A$1:$E$1,0),0),"None") -> Animesh | D3: =Iferror(vlookup($B3,'Ex1'!$A$2:$E$14,Match(D$2,'Ex1'!$A$1:$E$1,0),0),"None") -> 22 | E3: =Iferror(vlookup($B3,'Ex1'!$A$2:$E$14,Match(E$2,'Ex1'!$A$1:$E$1,0),0),"None") -> 55 | F3: =Iferror(vlookup($B3,'Ex1'!$A$2:$E$14,Match(F$2,'Ex1'!$A$1:$E$1,0),0),"None") -> Delhi | J3: ORD_0718 | K3: {=xlookup($J3,'Ex2'!$A$2:$A$21,'Ex2'!C$2:C$21,"None")} -> Shoes | L3: {=xlookup($J3,'Ex2'!$A$2:$A$21,'Ex2'!D$2:D$21,"None")} -> Delhi | M3: {=xlookup($J3,'Ex2'!$A$2:$A$21,'Ex2'!F$2:F$21,"None")} -> 2500 | N3: {=xlookup($J3,'Ex2'!$A$2:$A$21,'Ex2'!G$2:G$21,"None")} -> Credit Card
B4: 122 | C4: =Iferror(vlookup($B4,'Ex1'!$A$2:$E$14,Match(C$2,'Ex1'!$A$1:$E$1,0),0),"None") -> Ankit | D4: =Iferror(vlookup($B4,'Ex1'!$A$2:$E$14,Match(D$2,'Ex1'!$A$1:$E$1,0),0),"None") -> 23 | E4: =Iferror(vlookup($B4,'Ex1'!$A$2:$E$14,Match(E$2,'Ex1'!$A$1:$E$1,0),0),"None") -> 63 | F4: =Iferror(vlookup($B4,'Ex1'!$A$2:$E$14,Match(F$2,'Ex1'!$A$1:$E$1,0),0),"None") -> Mumbai | J4: ORD_0724 | K4: {=xlookup($J4,'Ex2'!$A$2:$A$21,'Ex2'!C$2:C$21,"None")} -> Shoes | L4: {=xlookup($J4,'Ex2'!$A$2:$A$21,'Ex2'!D$2:D$21,"None")} -> Mumbai | M4: {=xlookup($J4,'Ex2'!$A$2:$A$21,'Ex2'!F$2:F$21,"None")} -> 2800 | N4: {=xlookup($J4,'Ex2'!$A$2:$A$21,'Ex2'!G$2:G$21,"None")} -> Debit Card
B5: 123 | C5: =Iferror(vlookup($B5,'Ex1'!$A$2:$E$14,Match(C$2,'Ex1'!$A$1:$E$1,0),0),"None") -> Priya | D5: =Iferror(vlookup($B5,'Ex1'!$A$2:$E$14,Match(D$2,'Ex1'!$A$1:$E$1,0),0),"None") -> 24 | E5: =Iferror(vlookup($B5,'Ex1'!$A$2:$E$14,Match(E$2,'Ex1'!$A$1:$E$1,0),0),"None") -> 71 | F5: =Iferror(vlookup($B5,'Ex1'!$A$2:$E$14,Match(F$2,'Ex1'!$A$1:$E$1,0),0),"None") -> Noida | J5: ORD_0787 | K5: {=xlookup($J5,'Ex2'!$A$2:$A$21,'Ex2'!C$2:C$21,"None")} -> None | L5: {=xlookup($J5,'Ex2'!$A$2:$A$21,'Ex2'!D$2:D$21,"None")} -> None | M5: {=xlookup($J5,'Ex2'!$A$2:$A$21,'Ex2'!F$2:F$21,"None")} -> None | N5: {=xlookup($J5,'Ex2'!$A$2:$A$21,'Ex2'!G$2:G$21,"None")} -> None
B6: 124 | C6: =Iferror(vlookup($B6,'Ex1'!$A$2:$E$14,Match(C$2,'Ex1'!$A$1:$E$1,0),0),"None") -> Anjali | D6: =Iferror(vlookup($B6,'Ex1'!$A$2:$E$14,Match(D$2,'Ex1'!$A$1:$E$1,0),0),"None") -> 21 | E6: =Iferror(vlookup($B6,'Ex1'!$A$2:$E$14,Match(E$2,'Ex1'!$A$1:$E$1,0),0),"None") -> 68 | F6: =Iferror(vlookup($B6,'Ex1'!$A$2:$E$14,Match(F$2,'Ex1'!$A$1:$E$1,0),0),"None") -> Mumbai | J6: ORD_0729 | K6: {=xlookup($J6,'Ex2'!$A$2:$A$21,'Ex2'!C$2:C$21,"None")} -> Shoes | L6: {=xlookup($J6,'Ex2'!$A$2:$A$21,'Ex2'!D$2:D$21,"None")} -> Chennai | M6: {=xlookup($J6,'Ex2'!$A$2:$A$21,'Ex2'!F$2:F$21,"None")} -> 2700 | N6: {=xlookup($J6,'Ex2'!$A$2:$A$21,'Ex2'!G$2:G$21,"None")} -> Credit Card
B7: 125 | C7: =Iferror(vlookup($B7,'Ex1'!$A$2:$E$14,Match(C$2,'Ex1'!$A$1:$E$1,0),0),"None") -> Pulkit | D7: =Iferror(vlookup($B7,'Ex1'!$A$2:$E$14,Match(D$2,'Ex1'!$A$1:$E$1,0),0),"None") -> 25 | E7: =Iferror(vlookup($B7,'Ex1'!$A$2:$E$14,Match(E$2,'Ex1'!$A$1:$E$1,0),0),"None") -> 74 | F7: =Iferror(vlookup($B7,'Ex1'!$A$2:$E$14,Match(F$2,'Ex1'!$A$1:$E$1,0),0),"None") -> Bangalore
B8: 126 | C8: =Iferror(vlookup($B8,'Ex1'!$A$2:$E$14,Match(C$2,'Ex1'!$A$1:$E$1,0),0),"None") -> Nitesh | D8: =Iferror(vlookup($B8,'Ex1'!$A$2:$E$14,Match(D$2,'Ex1'!$A$1:$E$1,0),0),"None") -> 24 | E8: =Iferror(vlookup($B8,'Ex1'!$A$2:$E$14,Match(E$2,'Ex1'!$A$1:$E$1,0),0),"None") -> 81 | F8: =Iferror(vlookup($B8,'Ex1'!$A$2:$E$14,Match(F$2,'Ex1'!$A$1:$E$1,0),0),"None") -> Delhi
B9: 127 | C9: =Iferror(vlookup($B9,'Ex1'!$A$2:$E$14,Match(C$2,'Ex1'!$A$1:$E$1,0),0),"None") -> Ankush | D9: =Iferror(vlookup($B9,'Ex1'!$A$2:$E$14,Match(D$2,'Ex1'!$A$1:$E$1,0),0),"None") -> 23 | E9: =Iferror(vlookup($B9,'Ex1'!$A$2:$E$14,Match(E$2,'Ex1'!$A$1:$E$1,0),0),"None") -> 67 | F9: =Iferror(vlookup($B9,'Ex1'!$A$2:$E$14,Match(F$2,'Ex1'!$A$1:$E$1,0),0),"None") -> Mumbai | K9: =FORMULATEXT(K3) -> =xlookup($J3,'Ex2'!$A$2:$A$21,'Ex2'!C$2:C$21,"None")
K10: =FORMULATEXT(M3) -> =xlookup($J3,'Ex2'!$A$2:$A$21,'Ex2'!F$2:F$21,"None")
B12: =FORMULATEXT(C3) -> =Iferror(vlookup($B3,'Ex1'!$A$2:$E$14,Match(C$2,'Ex1'!$A$1:$E$1,0),0),"None")

Sheet HL_Ex1
B2: Roll_No | C2: 121 | D2: 122 | E2: 123 | F2: 124 | G2: 125 | H2: 126 | I2: 127 | J2: 128 | K2: 129 | L2: 130 | M2: 131 | N2: 132 | O2: 133
B3: Name | C3: Animesh | D3: Ankit | E3: Priya | F3: Anjali | G3: Pulkit | H3: Nitesh | I3: Ankush | J3: Dhruv | K3: Rahul | L3: Vinay | M3: Ujjwal | N3: Ankita | O3: Twarita
B4: Age | C4: 22 | D4: 23 | E4: 24 | F4: 21 | G4: 25 | H4: 24 | I4: 23 | J4: 24 | K4: 25 | L4: 27 | M4: 28 | N4: 26 | O4: 23
B5: Score | C5: 55 | D5: 63 | E5: 71 | F5: 68 | G5: 74 | H5: 81 | I5: 67 | J5: 80 | K5: 74 | L5: 47 | M5: 91 | N5: 81 | O5: 87
B6: Location | C6: Delhi | D6: Mumbai | E6: Noida | F6: Mumbai | G6: Bangalore | H6: Delhi | I6: Mumbai | J6: Bangalore | K6: Noida | L6: Mumbai | M6: Noida | N6: Bangalore | O6: Delhi
D8: C2:O6 | H8: Dynamic Hlookup with Match
H9: Roll_No | I9: 127 | J9: 131 | K9: 122 | L9: 130
H10: Name | I10: =iferror(hlookup(I$9,$C$2:$O$6,Match($H10,$B$2:$B$6,0),0),"None") -> Ankush | J10: =iferror(hlookup(J$9,$C$2:$O$6,Match($H10,$B$2:$B$6,0),0),"None") -> Ujjwal | K10: =iferror(hlookup(K$9,$C$2:$O$6,Match($H10,$B$2:$B$6,0),0),"None") -> Ankit | L10: =iferror(hlookup(L$9,$C$2:$O$6,Match($H10,$B$2:$B$6,0),0),"None") -> Vinay
H11: Age | I11: =iferror(hlookup(I$9,$C$2:$O$6,Match($H11,$B$2:$B$6,0),0),"None") -> 23 | J11: =iferror(hlookup(J$9,$C$2:$O$6,Match($H11,$B$2:$B$6,0),0),"None") -> 28 | K11: =iferror(hlookup(K$9,$C$2:$O$6,Match($H11,$B$2:$B$6,0),0),"None") -> 23 | L11: =iferror(hlookup(L$9,$C$2:$O$6,Match($H11,$B$2:$B$6,0),0),"None") -> 27
H12: Score | I12: =iferror(hlookup(I$9,$C$2:$O$6,Match($H12,$B$2:$B$6,0),0),"None") -> 67 | J12: =iferror(hlookup(J$9,$C$2:$O$6,Match($H12,$B$2:$B$6,0),0),"None") -> 91 | K12: =iferror(hlookup(K$9,$C$2:$O$6,Match($H12,$B$2:$B$6,0),0),"None") -> 63 | L12: =iferror(hlookup(L$9,$C$2:$O$6,Match($H12,$B$2:$B$6,0),0),"None") -> 47
H13: Location | I13: =iferror(hlookup(I$9,$C$2:$O$6,Match($H13,$B$2:$B$6,0),0),"None") -> Mumbai | J13: =iferror(hlookup(J$9,$C$2:$O$6,Match($H13,$B$2:$B$6,0),0),"None") -> Noida | K13: =iferror(hlookup(K$9,$C$2:$O$6,Match($H13,$B$2:$B$6,0),0),"None") -> Mumbai | L13: =iferror(hlookup(L$9,$C$2:$O$6,Match($H13,$B$2:$B$6,0),0),"None") -> Mumbai
I15: =FORMULATEXT(I10) -> =iferror(hlookup(I$9,$C$2:$O$6,Match($H10,$B$2:$B$6,0),0),"None")
